{"i": [["[\"gemm\"]", "llvm -keys=cpu -link-params=0", [32, 64, 64, 0, 0, 0, 0, 0], "", 1, []], [[], [["SP", 2, 0, 256, [2, 1, 1], 1], ["SP", 2, 4, 24, [2, 2, 2], 1], ["SP", 2, 8, 256, [16], 1], ["RE", 2, [0, 4, 1, 5, 8, 2, 6, 9, 3, 7]], ["FU", 2, [0, 1, 2]], ["AN", 2, 0, 3], ["PR", 2, 0, "auto_unroll_max_step$64"], ["AN", 2, 7, 2]]]], "r": [[0.000215083], 0, 1.18798, 1629555483], "v": "v0.6"}
{"i": [["[\"gemm\"]", "llvm -keys=cpu -link-params=0", [32, 64, 64, 0, 0, 0, 0, 0], "", 1, []], [[], [["CHW", 2, "local"], ["SP", 2, 0, 256, [1, 128, 2], 1], ["SP", 2, 4, 24, [1, 1, 24], 1], ["SP", 2, 8, 256, [2], 1], ["RE", 2, [0, 4, 1, 5, 8, 2, 6, 9, 3, 7]], ["FSP", 3, 0, 1, 1], ["FSP", 3, 2, 2, 1], ["RE", 3, [0, 2, 1, 3]], ["CA", 2, 3, 1], ["FU", 3, [0, 1]], ["AN", 3, 0, 3], ["PR", 2, 0, "auto_unroll_max_step$16"], ["AN", 2, 9, 2], ["AN", 3, 2, 2]]]], "r": [[0.000331513], 0, 1.23062, 1629555484], "v": "v0.6"}
{"i": [["[\"gemm\"]", "llvm -keys=cpu -link-params=0", [32, 64, 64, 0, 0, 0, 0, 0], "", 1, []], [[], [["CHW", 2, "local"], ["SP", 2, 0, 256, [2, 1, 32], 1], ["SP", 2, 4, 24, [8, 1, 3], 1], ["SP", 2, 8, 256, [2], 1], ["RE", 2, [0, 4, 1, 5, 8, 2, 6, 9, 3, 7]], ["FSP", 3, 0, 1, 1], ["FSP", 3, 2, 2, 1], ["RE", 3, [0, 2, 1, 3]], ["CA", 2, 3, 1], ["FU", 3, [0, 1]], ["AN", 3, 0, 3], ["PR", 2, 0, "auto_unroll_max_step$16"], ["AN", 2, 9, 2]]]], "r": [[0.000213125], 0, 2.43062, 1629555485], "v": "v0.6"}
{"i": [["[\"gemm\"]", "llvm -keys=cpu -link-params=0", [32, 64, 64, 0, 0, 0, 0, 0], "", 1, []], [[], [["CHW", 2, "local"], ["SP", 2, 0, 256, [8, 4, 8], 1], ["SP", 2, 4, 24, [1, 1, 1], 1], ["SP", 2, 8, 256, [32], 1], ["RE", 2, [0, 4, 1, 5, 8, 2, 6, 9, 3, 7]], ["FSP", 3, 0, 1, 1], ["FSP", 3, 2, 2, 1], ["RE", 3, [0, 2, 1, 3]], ["CA", 2, 3, 1], ["FU", 3, [0, 1]], ["AN", 3, 0, 3], ["PR", 2, 0, "auto_unroll_max_step$16"], ["AN", 2, 9, 2], ["AN", 3, 2, 2]]]], "r": [[7.0818e-05], 0, 1.13847, 1629555486], "v": "v0.6"}
{"i": [["[\"gemm\"]", "llvm -keys=cpu -link-params=0", [32, 64, 64, 0, 0, 0, 0, 0], "", 1, []], [[], [["SP", 2, 0, 256, [1, 8, 1], 1], ["SP", 2, 4, 24, [2, 1, 4], 1], ["SP", 2, 8, 256, [64], 1], ["RE", 2, [0, 4, 1, 5, 8, 2, 6, 9, 3, 7]], ["FU", 2, [0, 1, 2]], ["AN", 2, 0, 3], ["PR", 2, 0, "auto_unroll_max_step$512"], ["AN", 2, 7, 2]]]], "r": [[5.26177e-05], 0, 2.64581, 1629555487], "v": "v0.6"}
{"i": [["[\"gemm\"]", "llvm -keys=cpu -link-params=0", [32, 64, 64, 0, 0, 0, 0, 0], "", 1, []], [[], [["CHW", 2, "local"], ["SP", 2, 0, 256, [8, 4, 1], 1], ["SP", 2, 4, 24, [4, 2, 3], 1], ["SP", 2, 8, 256, [1], 1], ["RE", 2, [0, 4, 1, 5, 8, 2, 6, 9, 3, 7]], ["FSP", 3, 0, 1, 1], ["FSP", 3, 2, 2, 1], ["RE", 3, [0, 2, 1, 3]], ["CA", 2, 3, 1], ["FU", 3, [0, 1]], ["AN", 3, 0, 3], ["PR", 2, 0, "auto_unroll_max_step$0"], ["AN", 2, 9, 2]]]], "r": [[5.28301e-05], 0, 1.57397, 1629555488], "v": "v0.6"}
{"i": [["[\"gemm\"]", "llvm -keys=cpu -link-params=0", [32, 64, 64, 0, 0, 0, 0, 0], "", 1, []], [[], [["CHW", 2, "local"], ["SP", 2, 0, 256, [1, 32, 2], 1], ["SP", 2, 4, 24, [1, 2, 3], 1], ["SP", 2, 8, 256, [2], 1], ["RE", 2, [0, 4, 1, 5, 8, 2, 6, 9, 3, 7]], ["FSP", 3, 0, 1, 2], ["FSP", 3, 3, 2, 2], ["RE", 3, [0, 3, 1, 4, 2, 5]], ["CA", 2, 3, 3], ["FU", 3, [0, 1, 2, 3]], ["AN", 3, 0, 3], ["PR", 2, 0, "auto_unroll_max_step$64"], ["AN", 2, 9, 2]]]], "r": [[4.48439e-05], 0, 1.09337, 1629555489], "v": "v0.6"}
{"i": [["[\"gemm\"]", "llvm -keys=cpu -link-params=0", [32, 64, 64, 0, 0, 0, 0, 0], "", 1, []], [[], [["CHW", 2, "local"], ["SP", 2, 0, 256, [8, 8, 2], 1], ["SP", 2, 4, 24, [1, 1, 2], 1], ["SP", 2, 8, 256, [4], 1], ["RE", 2, [0, 4, 1, 5, 8, 2, 6, 9, 3, 7]], ["FSP", 3, 0, 1, 2], ["FSP", 3, 3, 2, 2], ["RE", 3, [0, 3, 1, 4, 2, 5]], ["CA", 2, 3, 3], ["FU", 3, [0, 1, 2, 3]], ["AN", 3, 0, 3], ["PR", 2, 0, "auto_unroll_max_step$64"], ["AN", 2, 9, 2], ["AN", 3, 2, 2]]]], "r": [[3.96566e-05], 0, 1.23929, 1629555490], "v": "v0.6"}
{"i": [["[\"gemm\"]", "llvm -keys=cpu -link-params=0", [32, 64, 64, 0, 0, 0, 0, 0], "", 1, []], [[], [["CHW", 2, "local"], ["SP", 2, 0, 256, [1, 1, 4], 1], ["SP", 2, 4, 24, [2, 4, 3], 1], ["SP", 2, 8, 256, [64], 1], ["RE", 2, [0, 4, 1, 5, 8, 2, 6, 9, 3, 7]], ["FSP", 3, 0, 1, 2], ["FSP", 3, 3, 2, 2], ["RE", 3, [0, 3, 1, 4, 2, 5]], ["CA", 2, 3, 3], ["FU", 3, [0, 1, 2, 3]], ["AN", 3, 0, 3], ["PR", 2, 0, "auto_unroll_max_step$0"], ["AN", 2, 9, 2], ["AN", 3, 2, 2]]]], "r": [[3.74091e-05], 0, 1.31717, 1629555491], "v": "v0.6"}
{"i": [["[\"gemm\"]", "llvm -keys=cpu -link-params=0", [32, 64, 64, 0, 0, 0, 0, 0], "", 1, []], [[], [["CHW", 2, "local"], ["SP", 2, 0, 256, [1, 2, 32], 1], ["SP", 2, 4, 24, [1, 4, 3], 1], ["SP", 2, 8, 256, [16], 1], ["RE", 2, [0, 4, 1, 5, 8, 2, 6, 9, 3, 7]], ["FSP", 3, 0, 1, 2], ["FSP", 3, 3, 2, 2], ["RE", 3, [0, 3, 1, 4, 2, 5]], ["CA", 2, 3, 3], ["FU", 3, [0, 1, 2]], ["AN", 3, 0, 3], ["PR", 2, 0, "auto_unroll_max_step$0"], ["AN", 2, 9, 2], ["AN", 3, 3, 2]]]], "r": [[0.000115684], 0, 1.43337, 1629555492], "v": "v0.6"}
{"i": [["[\"gemm\"]", "llvm -keys=cpu -link-params=0", [32, 64, 64, 0, 0, 0, 0, 0], "", 1, []], [[], [["SP", 2, 0, 128, [64, 2, 1], 1], ["SP", 2, 4, 24, [1, 1, 8], 1], ["SP", 2, 8, 128, [64], 1], ["RE", 2, [0, 4, 1, 5, 8, 2, 6, 9, 3, 7]], ["FU", 2, [0, 1, 2, 3]], ["AN", 2, 0, 3], ["PR", 2, 0, "auto_unroll_max_step$16"], ["AN", 2, 6, 2]]]], "r": [[2.51103e-05], 0, 1.04268, 1629555521], "v": "v0.6"}
{"i": [["[\"gemm\"]", "llvm -keys=cpu -link-params=0", [32, 64, 64, 0, 0, 0, 0, 0], "", 1, []], [[], [["SP", 2, 0, 128, [2, 32, 2], 1], ["SP", 2, 4, 24, [2, 1, 3], 1], ["SP", 2, 8, 128, [1], 1], ["RE", 2, [0, 4, 1, 5, 8, 2, 6, 9, 3, 7]], ["FU", 2, [0, 1, 2, 3]], ["AN", 2, 0, 3], ["PR", 2, 0, "auto_unroll_max_step$0"], ["AN", 2, 6, 2]]]], "r": [[0.00105411], 0, 1.14039, 1629555522], "v": "v0.6"}
{"i": [["[\"gemm\"]", "llvm -keys=cpu -link-params=0", [32, 64, 64, 0, 0, 0, 0, 0], "", 1, []], [[], [["CHW", 2, "local"], ["SP", 2, 0, 128, [1, 2, 2], 1], ["SP", 2, 4, 24, [1, 6, 4], 1], ["SP", 2, 8, 128, [1], 1], ["RE", 2, [0, 4, 1, 5, 8, 2, 6, 9, 3, 7]], ["FSP", 3, 0, 1, 2], ["FSP", 3, 3, 2, 2], ["RE", 3, [0, 3, 1, 4, 2, 5]], ["CA", 2, 3, 3], ["FU", 3, [0, 1, 2, 3]], ["AN", 3, 0, 3], ["PR", 2, 0, "auto_unroll_max_step$512"], ["AN", 2, 9, 2], ["AN", 3, 2, 2]]]], "r": [[1.57012e-05], 0, 0.777373, 1629555522], "v": "v0.6"}
{"i": [["[\"gemm\"]", "llvm -keys=cpu -link-params=0", [32, 64, 64, 0, 0, 0, 0, 0], "", 1, []], [[], [["CHW", 2, "local"], ["SP", 2, 0, 128, [4, 1, 4], 1], ["SP", 2, 4, 24, [3, 1, 8], 1], ["SP", 2, 8, 128, [64], 1], ["RE", 2, [0, 4, 1, 5, 8, 2, 6, 9, 3, 7]], ["FSP", 3, 0, 1, 1], ["FSP", 3, 2, 2, 1], ["RE", 3, [0, 2, 1, 3]], ["CA", 2, 3, 1], ["FU", 3, [0, 1]], ["AN", 3, 0, 3], ["PR", 2, 0, "auto_unroll_max_step$0"], ["AN", 2, 9, 2]]]], "r": [[2.36674e-05], 0, 2.31425, 1629555523], "v": "v0.6"}
{"i": [["[\"gemm\"]", "llvm -keys=cpu -link-params=0", [32, 64, 64, 0, 0, 0, 0, 0], "", 1, []], [[], [["CHW", 2, "local"], ["SP", 2, 0, 128, [2, 32, 1], 1], ["SP", 2, 4, 24, [3, 4, 2], 1], ["SP", 2, 8, 128, [8], 1], ["RE", 2, [0, 4, 1, 5, 8, 2, 6, 9, 3, 7]], ["FSP", 3, 0, 1, 2], ["FSP", 3, 3, 2, 2], ["RE", 3, [0, 3, 1, 4, 2, 5]], ["CA", 2, 3, 3], ["FU", 3, [0, 1, 2, 3]], ["AN", 3, 0, 3], ["PR", 2, 0, "auto_unroll_max_step$512"], ["AN", 2, 9, 2], ["AN", 3, 2, 2]]]], "r": [[2.6702e-05], 0, 0.852707, 1629555524], "v": "v0.6"}
{"i": [["[\"gemm\"]", "llvm -keys=cpu -link-params=0", [32, 64, 64, 0, 0, 0, 0, 0], "", 1, []], [[], [["SP", 2, 0, 128, [8, 1, 8], 1], ["SP", 2, 4, 24, [4, 1, 1], 1], ["SP", 2, 8, 128, [1], 1], ["RE", 2, [0, 4, 1, 5, 8, 2, 6, 9, 3, 7]], ["FU", 2, [0, 1, 2, 3]], ["AN", 2, 0, 3], ["PR", 2, 0, "auto_unroll_max_step$16"], ["AN", 2, 6, 2]]]], "r": [[2.82021e-05], 0, 1.12601, 1629555525], "v": "v0.6"}
{"i": [["[\"gemm\"]", "llvm -keys=cpu -link-params=0", [32, 64, 64, 0, 0, 0, 0, 0], "", 1, []], [[], [["CHW", 2, "local"], ["SP", 2, 0, 128, [1, 4, 16], 1], ["SP", 2, 4, 24, [4, 2, 1], 1], ["SP", 2, 8, 128, [16], 1], ["RE", 2, [0, 4, 1, 5, 8, 2, 6, 9, 3, 7]], ["FSP", 3, 0, 1, 1], ["FSP", 3, 2, 2, 1], ["RE", 3, [0, 2, 1, 3]], ["CA", 2, 3, 1], ["FU", 3, [0, 1]], ["AN", 3, 0, 3], ["PR", 2, 0, "auto_unroll_max_step$0"], ["AN", 2, 9, 2], ["AN", 3, 2, 2]]]], "r": [[4.20398e-05], 0, 1.28015, 1629555526], "v": "v0.6"}
{"i": [["[\"gemm\"]", "llvm -keys=cpu -link-params=0", [32, 64, 64, 0, 0, 0, 0, 0], "", 1, []], [[], [["SP", 2, 0, 128, [2, 2, 8], 1], ["SP", 2, 4, 24, [2, 1, 2], 1], ["SP", 2, 8, 128, [2], 1], ["RE", 2, [0, 4, 1, 5, 8, 2, 6, 9, 3, 7]], ["FU", 2, [0, 1, 2, 3]], ["AN", 2, 0, 3], ["PR", 2, 0, "auto_unroll_max_step$64"], ["AN", 2, 6, 2]]]], "r": [[2.77136e-05], 0, 0.768384, 1629555527], "v": "v0.6"}
{"i": [["[\"gemm\"]", "llvm -keys=cpu -link-params=0", [32, 64, 64, 0, 0, 0, 0, 0], "", 1, []], [[], [["CHW", 2, "local"], ["SP", 2, 0, 128, [2, 4, 16], 1], ["SP", 2, 4, 24, [1, 2, 2], 1], ["SP", 2, 8, 128, [8], 1], ["RE", 2, [0, 4, 1, 5, 8, 2, 6, 9, 3, 7]], ["FSP", 3, 0, 1, 2], ["FSP", 3, 3, 2, 2], ["RE", 3, [0, 3, 1, 4, 2, 5]], ["CA", 2, 3, 3], ["FU", 3, [0, 1, 2, 3]], ["AN", 3, 0, 3], ["PR", 2, 0, "auto_unroll_max_step$512"], ["AN", 2, 9, 2], ["AN", 3, 2, 2]]]], "r": [[3.09367e-05], 0, 2.06674, 1629555528], "v": "v0.6"}
{"i": [["[\"gemm\"]", "llvm -keys=cpu -link-params=0", [32, 64, 64, 0, 0, 0, 0, 0], "", 1, []], [[], [["CHW", 2, "local"], ["SP", 2, 0, 128, [2, 4, 4], 1], ["SP", 2, 4, 24, [1, 2, 6], 1], ["SP", 2, 8, 128, [32], 1], ["RE", 2, [0, 4, 1, 5, 8, 2, 6, 9, 3, 7]], ["FSP", 3, 0, 1, 2], ["FSP", 3, 3, 2, 2], ["RE", 3, [0, 3, 1, 4, 2, 5]], ["CA", 2, 3, 3], ["FU", 3, [0, 1, 2, 3]], ["AN", 3, 0, 3], ["PR", 2, 0, "auto_unroll_max_step$16"], ["AN", 2, 9, 2], ["AN", 3, 2, 2]]]], "r": [[3.34844e-05], 0, 1.25139, 1629555529], "v": "v0.6"}
{"i": [["[\"gemm\"]", "llvm -keys=cpu -link-params=0", [32, 64, 64, 0, 0, 0, 0, 0], "", 1, []], [[], [["CHW", 2, "local"], ["SP", 2, 0, 512, [8, 2, 2], 1], ["SP", 2, 4, 24, [1, 1, 12], 1], ["SP", 2, 8, 512, [64], 1], ["RE", 2, [0, 4, 1, 5, 8, 2, 6, 9, 3, 7]], ["FSP", 3, 0, 1, 2], ["FSP", 3, 3, 2, 2], ["RE", 3, [0, 3, 1, 4, 2, 5]], ["CA", 2, 3, 3], ["FU", 3, [0, 1, 2, 3]], ["AN", 3, 0, 3], ["PR", 2, 0, "auto_unroll_max_step$64"], ["AN", 2, 9, 2], ["AN", 3, 2, 2]]]], "r": [[0.000179379], 0, 1.10514, 1629555554], "v": "v0.6"}
{"i": [["[\"gemm\"]", "llvm -keys=cpu -link-params=0", [32, 64, 64, 0, 0, 0, 0, 0], "", 1, []], [[], [["CHW", 2, "local"], ["SP", 2, 0, 512, [4, 2, 8], 1], ["SP", 2, 4, 24, [1, 12, 1], 1], ["SP", 2, 8, 512, [64], 1], ["RE", 2, [0, 4, 1, 5, 8, 2, 6, 9, 3, 7]], ["FSP", 3, 0, 1, 1], ["FSP", 3, 2, 2, 1], ["RE", 3, [0, 2, 1, 3]], ["CA", 2, 3, 1], ["FU", 3, [0, 1]], ["AN", 3, 0, 3], ["PR", 2, 0, "auto_unroll_max_step$512"], ["AN", 2, 9, 2], ["AN", 3, 2, 2]]]], "r": [[0.000102113], 0, 4.4977, 1629555555], "v": "v0.6"}
{"i": [["[\"gemm\"]", "llvm -keys=cpu -link-params=0", [32, 64, 64, 0, 0, 0, 0, 0], "", 1, []], [[], [["CHW", 2, "local"], ["SP", 2, 0, 512, [32, 2, 1], 1], ["SP", 2, 4, 24, [3, 1, 1], 1], ["SP", 2, 8, 512, [8], 1], ["RE", 2, [0, 4, 1, 5, 8, 2, 6, 9, 3, 7]], ["FSP", 3, 0, 1, 1], ["FSP", 3, 2, 2, 1], ["RE", 3, [0, 2, 1, 3]], ["CA", 2, 3, 1], ["FU", 3, [0, 1]], ["AN", 3, 0, 3], ["PR", 2, 0, "auto_unroll_max_step$512"], ["AN", 2, 9, 2], ["AN", 3, 2, 2]]]], "r": [[0.000195092], 0, 1.10009, 1629555556], "v": "v0.6"}
{"i": [["[\"gemm\"]", "llvm -keys=cpu -link-params=0", [32, 64, 64, 0, 0, 0, 0, 0], "", 1, []], [[], [["SP", 2, 0, 512, [2, 1, 8], 1], ["SP", 2, 4, 24, [2, 4, 1], 1], ["SP", 2, 8, 512, [32], 1], ["RE", 2, [0, 4, 1, 5, 8, 2, 6, 9, 3, 7]], ["FU", 2, [0, 1, 2, 3]], ["AN", 2, 0, 3], ["PR", 2, 0, "auto_unroll_max_step$512"], ["AN", 2, 6, 2]]]], "r": [[0.000159765], 0, 2.03711, 1629555557], "v": "v0.6"}
{"i": [["[\"gemm\"]", "llvm -keys=cpu -link-params=0", [32, 64, 64, 0, 0, 0, 0, 0], "", 1, []], [[], [["CHW", 2, "local"], ["SP", 2, 0, 512, [1, 2, 16], 1], ["SP", 2, 4, 24, [1, 8, 3], 1], ["SP", 2, 8, 512, [64], 1], ["RE", 2, [0, 4, 1, 5, 8, 2, 6, 9, 3, 7]], ["FSP", 3, 0, 1, 2], ["FSP", 3, 3, 2, 2], ["RE", 3, [0, 3, 1, 4, 2, 5]], ["CA", 2, 3, 3], ["FU", 3, [0, 1, 2, 3]], ["AN", 3, 0, 3], ["PR", 2, 0, "auto_unroll_max_step$16"], ["AN", 2, 9, 2]]]], "r": [[0.000112102], 0, 1.59397, 1629555558], "v": "v0.6"}
{"i": [["[\"gemm\"]", "llvm -keys=cpu -link-params=0", [32, 64, 64, 0, 0, 0, 0, 0], "", 1, []], [[], [["CHW", 2, "local"], ["SP", 2, 0, 512, [1, 1, 8], 1], ["SP", 2, 4, 24, [1, 12, 1], 1], ["SP", 2, 8, 512, [1], 1], ["RE", 2, [0, 4, 1, 5, 8, 2, 6, 9, 3, 7]], ["FSP", 3, 0, 1, 2], ["FSP", 3, 3, 2, 2], ["RE", 3, [0, 3, 1, 4, 2, 5]], ["CA", 2, 3, 3], ["FU", 3, [0, 1, 2, 3]], ["AN", 3, 0, 3], ["PR", 2, 0, "auto_unroll_max_step$512"], ["AN", 2, 9, 2], ["AN", 3, 2, 2]]]], "r": [[6.10943e-05], 0, 1.50278, 1629555559], "v": "v0.6"}
{"i": [["[\"gemm\"]", "llvm -keys=cpu -link-params=0", [32, 64, 64, 0, 0, 0, 0, 0], "", 1, []], [[], [["CHW", 2, "local"], ["SP", 2, 0, 512, [4, 1, 1], 1], ["SP", 2, 4, 24, [1, 4, 2], 1], ["SP", 2, 8, 512, [8], 1], ["RE", 2, [0, 4, 1, 5, 8, 2, 6, 9, 3, 7]], ["FSP", 3, 0, 1, 1], ["FSP", 3, 2, 2, 1], ["RE", 3, [0, 2, 1, 3]], ["CA", 2, 3, 1], ["FU", 3, [0, 1]], ["AN", 3, 0, 3], ["PR", 2, 0, "auto_unroll_max_step$0"], ["AN", 2, 9, 2], ["AN", 3, 2, 2]]]], "r": [[0.000184607], 0, 1.21545, 1629555560], "v": "v0.6"}
{"i": [["[\"gemm\"]", "llvm -keys=cpu -link-params=0", [32, 64, 64, 0, 0, 0, 0, 0], "", 1, []], [[], [["CHW", 2, "local"], ["SP", 2, 0, 512, [1, 8, 4], 1], ["SP", 2, 4, 24, [4, 1, 2], 1], ["SP", 2, 8, 512, [4], 1], ["RE", 2, [0, 4, 1, 5, 8, 2, 6, 9, 3, 7]], ["FSP", 3, 0, 1, 1], ["FSP", 3, 2, 2, 1], ["RE", 3, [0, 2, 1, 3]], ["CA", 2, 3, 1], ["FU", 3, [0, 1]], ["AN", 3, 0, 3], ["PR", 2, 0, "auto_unroll_max_step$16"], ["AN", 2, 9, 2], ["AN", 3, 2, 2]]]], "r": [[9.99266e-05], 0, 1.17139, 1629555561], "v": "v0.6"}
{"i": [["[\"gemm\"]", "llvm -keys=cpu -link-params=0", [32, 64, 64, 0, 0, 0, 0, 0], "", 1, []], [[], [["CHW", 2, "local"], ["SP", 2, 0, 512, [16, 4, 2], 1], ["SP", 2, 4, 24, [3, 4, 2], 1], ["SP", 2, 8, 512, [64], 1], ["RE", 2, [0, 4, 1, 5, 8, 2, 6, 9, 3, 7]], ["FSP", 3, 0, 1, 1], ["FSP", 3, 2, 2, 1], ["RE", 3, [0, 2, 1, 3]], ["CA", 2, 3, 1], ["FU", 3, [0, 1]], ["AN", 3, 0, 3], ["PR", 2, 0, "auto_unroll_max_step$0"], ["AN", 2, 9, 2]]]], "r": [[0.000586484], 0, 2.5419, 1629555562], "v": "v0.6"}
{"i": [["[\"gemm\"]", "llvm -keys=cpu -link-params=0", [32, 64, 64, 0, 0, 0, 0, 0], "", 1, []], [[], [["CHW", 2, "local"], ["SP", 2, 0, 512, [64, 1, 4], 1], ["SP", 2, 4, 24, [2, 1, 6], 1], ["SP", 2, 8, 512, [1], 1], ["RE", 2, [0, 4, 1, 5, 8, 2, 6, 9, 3, 7]], ["FSP", 3, 0, 1, 2], ["FSP", 3, 3, 2, 2], ["RE", 3, [0, 3, 1, 4, 2, 5]], ["CA", 2, 3, 3], ["FU", 3, [0, 1, 2, 3]], ["AN", 3, 0, 3], ["PR", 2, 0, "auto_unroll_max_step$16"], ["AN", 2, 9, 2], ["AN", 3, 2, 2]]]], "r": [[0.000145405], 0, 1.03008, 1629555563], "v": "v0.6"}
{"i": [["[\"gemm\"]", "llvm -keys=cpu -link-params=0", [32, 64, 64, 0, 0, 0, 0, 0], "", 1, []], [[], [["CHW", 2, "local"], ["SP", 2, 0, 1024, [4, 4, 32], 1], ["SP", 2, 4, 24, [1, 1, 1], 1], ["SP", 2, 8, 1024, [8], 1], ["RE", 2, [0, 4, 1, 5, 8, 2, 6, 9, 3, 7]], ["FSP", 3, 0, 1, 2], ["FSP", 3, 3, 2, 2], ["RE", 3, [0, 3, 1, 4, 2, 5]], ["CA", 2, 3, 3], ["FU", 3, [0, 1, 2, 3]], ["AN", 3, 0, 3], ["PR", 2, 0, "auto_unroll_max_step$0"], ["AN", 2, 9, 2], ["AN", 3, 2, 2]]]], "r": [[0.000800919], 0, 1.12813, 1629555591], "v": "v0.6"}
{"i": [["[\"gemm\"]", "llvm -keys=cpu -link-params=0", [32, 64, 64, 0, 0, 0, 0, 0], "", 1, []], [[], [["SP", 2, 0, 1024, [4, 2, 1], 1], ["SP", 2, 4, 24, [3, 1, 4], 1], ["SP", 2, 8, 1024, [8], 1], ["RE", 2, [0, 4, 1, 5, 8, 2, 6, 9, 3, 7]], ["FU", 2, [0, 1, 2, 3]], ["AN", 2, 0, 3], ["PR", 2, 0, "auto_unroll_max_step$512"], ["AN", 2, 6, 2]]]], "r": [[0.000370776], 0, 1.20962, 1629555592], "v": "v0.6"}
{"i": [["[\"gemm\"]", "llvm -keys=cpu -link-params=0", [32, 64, 64, 0, 0, 0, 0, 0], "", 1, []], [[], [["CHW", 2, "local"], ["SP", 2, 0, 1024, [8, 2, 4], 1], ["SP", 2, 4, 24, [3, 2, 1], 1], ["SP", 2, 8, 1024, [16], 1], ["RE", 2, [0, 4, 1, 5, 8, 2, 6, 9, 3, 7]], ["FSP", 3, 0, 1, 2], ["FSP", 3, 3, 2, 2], ["RE", 3, [0, 3, 1, 4, 2, 5]], ["CA", 2, 3, 3], ["FU", 3, [0, 1, 2, 3]], ["AN", 3, 0, 3], ["PR", 2, 0, "auto_unroll_max_step$512"], ["AN", 2, 9, 2], ["AN", 3, 2, 2]]]], "r": [[0.000271757], 0, 1.42765, 1629555593], "v": "v0.6"}
{"i": [["[\"gemm\"]", "llvm -keys=cpu -link-params=0", [32, 64, 64, 0, 0, 0, 0, 0], "", 1, []], [[], [["CHW", 2, "local"], ["SP", 2, 0, 1024, [2, 32, 2], 1], ["SP", 2, 4, 24, [6, 4, 1], 1], ["SP", 2, 8, 1024, [16], 1], ["RE", 2, [0, 4, 1, 5, 8, 2, 6, 9, 3, 7]], ["FSP", 3, 0, 1, 1], ["FSP", 3, 2, 2, 1], ["RE", 3, [0, 2, 1, 3]], ["CA", 2, 3, 1], ["FU", 3, [0, 1]], ["AN", 3, 0, 3], ["PR", 2, 0, "auto_unroll_max_step$16"], ["AN", 2, 9, 2]]]], "r": [[0.00182485], 0, 2.28212, 1629555594], "v": "v0.6"}
{"i": [["[\"gemm\"]", "llvm -keys=cpu -link-params=0", [32, 64, 64, 0, 0, 0, 0, 0], "", 1, []], [[], [["SP", 2, 0, 1024, [2, 4, 16], 1], ["SP", 2, 4, 24, [1, 2, 6], 1], ["SP", 2, 8, 1024, [16], 1], ["RE", 2, [0, 4, 1, 5, 8, 2, 6, 9, 3, 7]], ["FU", 2, [0, 1, 2, 3]], ["AN", 2, 0, 3], ["PR", 2, 0, "auto_unroll_max_step$0"], ["AN", 2, 6, 2]]]], "r": [[0.000741371], 0, 1.17472, 1629555595], "v": "v0.6"}
{"i": [["[\"gemm\"]", "llvm -keys=cpu -link-params=0", [32, 64, 64, 0, 0, 0, 0, 0], "", 1, []], [[], [["CHW", 2, "local"], ["SP", 2, 0, 1024, [2, 2, 32], 1], ["SP", 2, 4, 24, [24, 1, 1], 1], ["SP", 2, 8, 1024, [8], 1], ["RE", 2, [0, 4, 1, 5, 8, 2, 6, 9, 3, 7]], ["FSP", 3, 0, 1, 1], ["FSP", 3, 2, 2, 1], ["RE", 3, [0, 2, 1, 3]], ["CA", 2, 3, 1], ["FU", 3, [0, 1]], ["AN", 3, 0, 3], ["PR", 2, 0, "auto_unroll_max_step$0"], ["AN", 2, 9, 2]]]], "r": [[0.00414639], 0, 3.04312, 1629555596], "v": "v0.6"}
{"i": [["[\"gemm\"]", "llvm -keys=cpu -link-params=0", [32, 64, 64, 0, 0, 0, 0, 0], "", 1, []], [[], [["CHW", 2, "local"], ["SP", 2, 0, 1024, [16, 4, 8], 1], ["SP", 2, 4, 24, [1, 2, 12], 1], ["SP", 2, 8, 1024, [16], 1], ["RE", 2, [0, 4, 1, 5, 8, 2, 6, 9, 3, 7]], ["FSP", 3, 0, 1, 2], ["FSP", 3, 3, 2, 2], ["RE", 3, [0, 3, 1, 4, 2, 5]], ["CA", 2, 3, 3], ["FU", 3, [0, 1, 2, 3]], ["AN", 3, 0, 3], ["PR", 2, 0, "auto_unroll_max_step$512"], ["AN", 2, 9, 2], ["AN", 3, 2, 2]]]], "r": [[0.000212178], 0, 2.54489, 1629555597], "v": "v0.6"}
{"i": [["[\"gemm\"]", "llvm -keys=cpu -link-params=0", [32, 64, 64, 0, 0, 0, 0, 0], "", 1, []], [[], [["CHW", 2, "local"], ["SP", 2, 0, 1024, [16, 2, 32], 1], ["SP", 2, 4, 24, [2, 4, 3], 1], ["SP", 2, 8, 1024, [64], 1], ["RE", 2, [0, 4, 1, 5, 8, 2, 6, 9, 3, 7]], ["FSP", 3, 0, 1, 2], ["FSP", 3, 3, 2, 2], ["RE", 3, [0, 3, 1, 4, 2, 5]], ["CA", 2, 3, 3], ["FU", 3, [0, 1, 2, 3]], ["AN", 3, 0, 3], ["PR", 2, 0, "auto_unroll_max_step$16"], ["AN", 2, 9, 2], ["AN", 3, 2, 2]]]], "r": [[0.000503819], 0, 1.36995, 1629555598], "v": "v0.6"}
{"i": [["[\"gemm\"]", "llvm -keys=cpu -link-params=0", [32, 64, 64, 0, 0, 0, 0, 0], "", 1, []], [[], [["CHW", 2, "local"], ["SP", 2, 0, 1024, [2, 2, 16], 1], ["SP", 2, 4, 24, [12, 1, 2], 1], ["SP", 2, 8, 1024, [32], 1], ["RE", 2, [0, 4, 1, 5, 8, 2, 6, 9, 3, 7]], ["FSP", 3, 0, 1, 2], ["FSP", 3, 3, 2, 2], ["RE", 3, [0, 3, 1, 4, 2, 5]], ["CA", 2, 3, 3], ["FU", 3, [0, 1, 2, 3]], ["AN", 3, 0, 3], ["PR", 2, 0, "auto_unroll_max_step$64"], ["AN", 2, 9, 2], ["AN", 3, 2, 2]]]], "r": [[0.000300983], 0, 1.15066, 1629555599], "v": "v0.6"}
{"i": [["[\"gemm\"]", "llvm -keys=cpu -link-params=0", [32, 64, 64, 0, 0, 0, 0, 0], "", 1, []], [[], [["CHW", 2, "local"], ["SP", 2, 0, 1024, [1, 2, 4], 1], ["SP", 2, 4, 24, [1, 4, 1], 1], ["SP", 2, 8, 1024, [64], 1], ["RE", 2, [0, 4, 1, 5, 8, 2, 6, 9, 3, 7]], ["FSP", 3, 0, 1, 2], ["FSP", 3, 3, 2, 2], ["RE", 3, [0, 3, 1, 4, 2, 5]], ["CA", 2, 3, 3], ["FU", 3, [0, 1]], ["AN", 3, 0, 3], ["PR", 2, 0, "auto_unroll_max_step$512"], ["AN", 2, 9, 2], ["AN", 3, 4, 2]]]], "r": [[0.000504777], 0, 1.93584, 1629555600], "v": "v0.6"}
{"i": [["[\"gemm\"]", "llvm -keys=cpu -link-params=0", [32, 64, 64, 0, 0, 0, 0, 0], "", 1, []], [[], [["CHW", 2, "local"], ["SP", 2, 0, 2048, [256, 2, 1], 1], ["SP", 2, 4, 24, [3, 8, 1], 1], ["SP", 2, 8, 2048, [1], 1], ["RE", 2, [0, 4, 1, 5, 8, 2, 6, 9, 3, 7]], ["FSP", 3, 0, 1, 2], ["FSP", 3, 3, 2, 2], ["RE", 3, [0, 3, 1, 4, 2, 5]], ["CA", 2, 3, 3], ["FU", 3, [0, 1, 2]], ["AN", 3, 0, 3], ["PR", 2, 0, "auto_unroll_max_step$512"], ["AN", 2, 9, 2]]]], "r": [[0.000577476], 0, 0.778149, 1629555648], "v": "v0.6"}
{"i": [["[\"gemm\"]", "llvm -keys=cpu -link-params=0", [32, 64, 64, 0, 0, 0, 0, 0], "", 1, []], [[], [["SP", 2, 0, 2048, [8, 128, 1], 1], ["SP", 2, 4, 24, [1, 1, 24], 1], ["SP", 2, 8, 2048, [1], 1], ["RE", 2, [0, 4, 1, 5, 8, 2, 6, 9, 3, 7]], ["FU", 2, [0, 1, 2, 3]], ["AN", 2, 0, 3], ["PR", 2, 0, "auto_unroll_max_step$0"], ["AN", 2, 6, 2]]]], "r": [[0.00215566], 0, 0.809957, 1629555648], "v": "v0.6"}
{"i": [["[\"gemm\"]", "llvm -keys=cpu -link-params=0", [32, 64, 64, 0, 0, 0, 0, 0], "", 1, []], [[], [["CHW", 2, "local"], ["SP", 2, 0, 2048, [2, 1, 1], 1], ["SP", 2, 4, 24, [1, 1, 24], 1], ["SP", 2, 8, 2048, [1], 1], ["RE", 2, [0, 4, 1, 5, 8, 2, 6, 9, 3, 7]], ["FSP", 3, 0, 1, 1], ["FSP", 3, 2, 2, 1], ["RE", 3, [0, 2, 1, 3]], ["CA", 2, 3, 1], ["AN", 3, 0, 3], ["PR", 2, 0, "auto_unroll_max_step$0"], ["AN", 2, 9, 2], ["AN", 3, 3, 2]]]], "r": [[0.00205775], 0, 1.32067, 1629555650], "v": "v0.6"}
{"i": [["[\"gemm\"]", "llvm -keys=cpu -link-params=0", [32, 64, 64, 0, 0, 0, 0, 0], "", 1, []], [[], [["CHW", 2, "local"], ["SP", 2, 0, 2048, [16, 1, 8], 1], ["SP", 2, 4, 24, [1, 4, 1], 1], ["SP", 2, 8, 2048, [4], 1], ["RE", 2, [0, 4, 1, 5, 8, 2, 6, 9, 3, 7]], ["FSP", 3, 0, 1, 1], ["FSP", 3, 2, 2, 1], ["RE", 3, [0, 2, 1, 3]], ["CA", 2, 3, 1], ["FU", 3, [0, 1]], ["AN", 3, 0, 3], ["PR", 2, 0, "auto_unroll_max_step$16"], ["AN", 2, 9, 2], ["AN", 3, 2, 2]]]], "r": [[0.000504477], 0, 1.27045, 1629555651], "v": "v0.6"}
{"i": [["[\"gemm\"]", "llvm -keys=cpu -link-params=0", [32, 64, 64, 0, 0, 0, 0, 0], "", 1, []], [[], [["CHW", 2, "local"], ["SP", 2, 0, 2048, [1, 1, 1], 1], ["SP", 2, 4, 24, [24, 1, 1], 1], ["SP", 2, 8, 2048, [16], 1], ["RE", 2, [0, 4, 1, 5, 8, 2, 6, 9, 3, 7]], ["FSP", 3, 0, 1, 1], ["FSP", 3, 2, 2, 1], ["RE", 3, [0, 2, 1, 3]], ["CA", 2, 3, 1], ["AN", 3, 0, 3], ["PR", 2, 0, "auto_unroll_max_step$16"], ["AN", 2, 9, 2]]]], "r": [[0.00454882], 0, 1.04226, 1629555652], "v": "v0.6"}
{"i": [["[\"gemm\"]", "llvm -keys=cpu -link-params=0", [32, 64, 64, 0, 0, 0, 0, 0], "", 1, []], [[], [["SP", 2, 0, 2048, [4, 16, 16], 1], ["SP", 2, 4, 24, [4, 1, 2], 1], ["SP", 2, 8, 2048, [64], 1], ["RE", 2, [0, 4, 1, 5, 8, 2, 6, 9, 3, 7]], ["FU", 2, [0, 1, 2, 3]], ["AN", 2, 0, 3], ["PR", 2, 0, "auto_unroll_max_step$64"], ["AN", 2, 6, 2]]]], "r": [[0.00151034], 0, 1.29762, 1629555653], "v": "v0.6"}
{"i": [["[\"gemm\"]", "llvm -keys=cpu -link-params=0", [32, 64, 64, 0, 0, 0, 0, 0], "", 1, []], [[], [["CHW", 2, "local"], ["SP", 2, 0, 2048, [1, 2048, 1], 1], ["SP", 2, 4, 24, [2, 1, 3], 1], ["SP", 2, 8, 2048, [32], 1], ["RE", 2, [0, 4, 1, 5, 8, 2, 6, 9, 3, 7]], ["FSP", 3, 0, 1, 2], ["FSP", 3, 3, 2, 2], ["RE", 3, [0, 3, 1, 4, 2, 5]], ["CA", 2, 3, 3], ["FU", 3, [0, 1, 2, 3]], ["AN", 3, 0, 3], ["PR", 2, 0, "auto_unroll_max_step$0"], ["AN", 2, 9, 2], ["AN", 3, 2, 2]]]], "r": [[0.00862896], 0, 0.732681, 1629555653], "v": "v0.6"}
{"i": [["[\"gemm\"]", "llvm -keys=cpu -link-params=0", [32, 64, 64, 0, 0, 0, 0, 0], "", 1, []], [[], [["SP", 2, 0, 2048, [1, 8, 2], 1], ["SP", 2, 4, 24, [1, 2, 12], 1], ["SP", 2, 8, 2048, [1], 1], ["RE", 2, [0, 4, 1, 5, 8, 2, 6, 9, 3, 7]], ["FU", 2, [0, 1, 2, 3]], ["AN", 2, 0, 3], ["PR", 2, 0, "auto_unroll_max_step$16"], ["AN", 2, 6, 2]]]], "r": [[0.00242125], 0, 0.961329, 1629555654], "v": "v0.6"}
{"i": [["[\"gemm\"]", "llvm -keys=cpu -link-params=0", [32, 64, 64, 0, 0, 0, 0, 0], "", 1, []], [[], [["CHW", 2, "local"], ["SP", 2, 0, 2048, [2, 1, 1], 1], ["SP", 2, 4, 24, [2, 12, 1], 1], ["SP", 2, 8, 2048, [1], 1], ["RE", 2, [0, 4, 1, 5, 8, 2, 6, 9, 3, 7]], ["FSP", 3, 0, 1, 2], ["FSP", 3, 3, 2, 2], ["RE", 3, [0, 3, 1, 4, 2, 5]], ["CA", 2, 3, 3], ["FU", 3, [0, 1]], ["AN", 3, 0, 3], ["PR", 2, 0, "auto_unroll_max_step$16"], ["AN", 2, 9, 2], ["AN", 3, 4, 2]]]], "r": [[0.000645936], 0, 1.21624, 1629555655], "v": "v0.6"}
{"i": [["[\"gemm\"]", "llvm -keys=cpu -link-params=0", [32, 64, 64, 0, 0, 0, 0, 0], "", 1, []], [[], [["SP", 2, 0, 2048, [2, 8, 1], 1], ["SP", 2, 4, 24, [1, 6, 1], 1], ["SP", 2, 8, 2048, [32], 1], ["RE", 2, [0, 4, 1, 5, 8, 2, 6, 9, 3, 7]], ["FU", 2, [0, 1, 2]], ["AN", 2, 0, 3], ["PR", 2, 0, "auto_unroll_max_step$0"], ["AN", 2, 7, 2]]]], "r": [[0.00256841], 0, 0.929101, 1629555656], "v": "v0.6"}
{"i": [["[\"gemm\"]", "llvm -keys=cpu -link-params=0 -mcpu=core-avx2", [32, 64, 64, 0, 0, 0, 0, 0], "", 1, []], [[], [["CHW", 2, "local"], ["SP", 2, 0, 2048, [1, 128, 8], 1], ["SP", 2, 4, 24, [8, 1, 1], 1], ["SP", 2, 8, 2048, [64], 1], ["RE", 2, [0, 4, 1, 5, 8, 2, 6, 9, 3, 7]], ["FSP", 3, 0, 1, 1], ["FSP", 3, 2, 2, 1], ["RE", 3, [0, 2, 1, 3]], ["CA", 2, 3, 1], ["FU", 3, [0, 1]], ["AN", 3, 0, 3], ["PR", 2, 0, "auto_unroll_max_step$0"], ["AN", 2, 9, 2], ["AN", 3, 2, 2]]]], "r": [[0.0111086], 0, 1.47487, 1629629268], "v": "v0.6"}
{"i": [["[\"gemm\"]", "llvm -keys=cpu -link-params=0 -mcpu=core-avx2", [32, 64, 64, 0, 0, 0, 0, 0], "", 1, []], [[], [["SP", 2, 0, 2048, [1, 4, 16], 1], ["SP", 2, 4, 24, [6, 1, 2], 1], ["SP", 2, 8, 2048, [8], 1], ["RE", 2, [0, 4, 1, 5, 8, 2, 6, 9, 3, 7]], ["FU", 2, [0, 1, 2, 3]], ["AN", 2, 0, 3], ["PR", 2, 0, "auto_unroll_max_step$512"], ["AN", 2, 6, 2]]]], "r": [[0.00301776], 0, 3.04139, 1629629269], "v": "v0.6"}
{"i": [["[\"gemm\"]", "llvm -keys=cpu -link-params=0 -mcpu=core-avx2", [32, 64, 64, 0, 0, 0, 0, 0], "", 1, []], [[], [["CHW", 2, "local"], ["SP", 2, 0, 2048, [1, 64, 2], 1], ["SP", 2, 4, 24, [6, 1, 4], 1], ["SP", 2, 8, 2048, [4], 1], ["RE", 2, [0, 4, 1, 5, 8, 2, 6, 9, 3, 7]], ["FSP", 3, 0, 1, 1], ["FSP", 3, 2, 2, 1], ["RE", 3, [0, 2, 1, 3]], ["CA", 2, 3, 1], ["FU", 3, [0, 1]], ["AN", 3, 0, 3], ["PR", 2, 0, "auto_unroll_max_step$0"], ["AN", 2, 9, 2]]]], "r": [[0.00121854], 0, 1.59194, 1629629270], "v": "v0.6"}
{"i": [["[\"gemm\"]", "llvm -keys=cpu -link-params=0 -mcpu=core-avx2", [32, 64, 64, 0, 0, 0, 0, 0], "", 1, []], [[], [["CHW", 2, "local"], ["SP", 2, 0, 2048, [32, 1, 1], 1], ["SP", 2, 4, 24, [2, 3, 2], 1], ["SP", 2, 8, 2048, [1], 1], ["RE", 2, [0, 4, 1, 5, 8, 2, 6, 9, 3, 7]], ["FSP", 3, 0, 1, 2], ["FSP", 3, 3, 2, 2], ["RE", 3, [0, 3, 1, 4, 2, 5]], ["CA", 2, 3, 3], ["FU", 3, [0, 1, 2]], ["AN", 3, 0, 3], ["PR", 2, 0, "auto_unroll_max_step$16"], ["AN", 2, 9, 2], ["AN", 3, 3, 2]]]], "r": [[0.000899933], 0, 1.29445, 1629629272], "v": "v0.6"}
{"i": [["[\"gemm\"]", "llvm -keys=cpu -link-params=0 -mcpu=core-avx2", [32, 64, 64, 0, 0, 0, 0, 0], "", 1, []], [[], [["CHW", 2, "local"], ["SP", 2, 0, 2048, [32, 8, 8], 1], ["SP", 2, 4, 24, [1, 4, 1], 1], ["SP", 2, 8, 2048, [1], 1], ["RE", 2, [0, 4, 1, 5, 8, 2, 6, 9, 3, 7]], ["FSP", 3, 0, 1, 1], ["FSP", 3, 2, 2, 1], ["RE", 3, [0, 2, 1, 3]], ["CA", 2, 3, 1], ["FU", 3, [0, 1]], ["AN", 3, 0, 3], ["PR", 2, 0, "auto_unroll_max_step$64"], ["AN", 2, 9, 2], ["AN", 3, 2, 2]]]], "r": [[0.0104908], 0, 0.863611, 1629629272], "v": "v0.6"}
{"i": [["[\"gemm\"]", "llvm -keys=cpu -link-params=0 -mcpu=core-avx2", [32, 64, 64, 0, 0, 0, 0, 0], "", 1, []], [[], [["CHW", 2, "local"], ["SP", 2, 0, 2048, [64, 1, 4], 1], ["SP", 2, 4, 24, [1, 3, 4], 1], ["SP", 2, 8, 2048, [1], 1], ["RE", 2, [0, 4, 1, 5, 8, 2, 6, 9, 3, 7]], ["FSP", 3, 0, 1, 1], ["FSP", 3, 2, 2, 1], ["RE", 3, [0, 2, 1, 3]], ["CA", 2, 3, 1], ["FU", 3, [0, 1]], ["AN", 3, 0, 3], ["PR", 2, 0, "auto_unroll_max_step$512"], ["AN", 2, 9, 2], ["AN", 3, 2, 2]]]], "r": [[0.000593044], 0, 1.35687, 1629629273], "v": "v0.6"}
{"i": [["[\"gemm\"]", "llvm -keys=cpu -link-params=0 -mcpu=core-avx2", [32, 64, 64, 0, 0, 0, 0, 0], "", 1, []], [[], [["CHW", 2, "local"], ["SP", 2, 0, 2048, [64, 2, 8], 1], ["SP", 2, 4, 24, [12, 2, 1], 1], ["SP", 2, 8, 2048, [2], 1], ["RE", 2, [0, 4, 1, 5, 8, 2, 6, 9, 3, 7]], ["FSP", 3, 0, 1, 2], ["FSP", 3, 3, 2, 2], ["RE", 3, [0, 3, 1, 4, 2, 5]], ["CA", 2, 3, 3], ["FU", 3, [0, 1, 2, 3]], ["AN", 3, 0, 3], ["PR", 2, 0, "auto_unroll_max_step$16"], ["AN", 2, 9, 2], ["AN", 3, 2, 2]]]], "r": [[0.000791758], 0, 1.31507, 1629629274], "v": "v0.6"}
{"i": [["[\"gemm\"]", "llvm -keys=cpu -link-params=0 -mcpu=core-avx2", [32, 64, 64, 0, 0, 0, 0, 0], "", 1, []], [[], [["SP", 2, 0, 2048, [32, 8, 2], 1], ["SP", 2, 4, 24, [1, 3, 1], 1], ["SP", 2, 8, 2048, [2], 1], ["RE", 2, [0, 4, 1, 5, 8, 2, 6, 9, 3, 7]], ["FU", 2, [0, 1, 2]], ["AN", 2, 0, 3], ["PR", 2, 0, "auto_unroll_max_step$64"], ["AN", 2, 7, 2]]]], "r": [[0.0435696], 0, 0.960809, 1629629275], "v": "v0.6"}
{"i": [["[\"gemm\"]", "llvm -keys=cpu -link-params=0 -mcpu=core-avx2", [32, 64, 64, 0, 0, 0, 0, 0], "", 1, []], [[], [["CHW", 2, "local"], ["SP", 2, 0, 2048, [1, 64, 1], 1], ["SP", 2, 4, 24, [1, 2, 12], 1], ["SP", 2, 8, 2048, [16], 1], ["RE", 2, [0, 4, 1, 5, 8, 2, 6, 9, 3, 7]], ["FSP", 3, 0, 1, 1], ["FSP", 3, 2, 2, 1], ["RE", 3, [0, 2, 1, 3]], ["CA", 2, 3, 1], ["FU", 3, [0, 1]], ["AN", 3, 0, 3], ["PR", 2, 0, "auto_unroll_max_step$64"], ["AN", 2, 9, 2], ["AN", 3, 2, 2]]]], "r": [[0.00112246], 0, 1.20772, 1629629276], "v": "v0.6"}
{"i": [["[\"gemm\"]", "llvm -keys=cpu -link-params=0 -mcpu=core-avx2", [32, 64, 64, 0, 0, 0, 0, 0], "", 1, []], [[], [["CHW", 2, "local"], ["SP", 2, 0, 2048, [4, 1, 64], 1], ["SP", 2, 4, 24, [1, 12, 2], 1], ["SP", 2, 8, 2048, [2], 1], ["RE", 2, [0, 4, 1, 5, 8, 2, 6, 9, 3, 7]], ["FSP", 3, 0, 1, 1], ["FSP", 3, 2, 2, 1], ["RE", 3, [0, 2, 1, 3]], ["CA", 2, 3, 1], ["FU", 3, [0, 1]], ["AN", 3, 0, 3], ["PR", 2, 0, "auto_unroll_max_step$16"], ["AN", 2, 9, 2]]]], "r": [[0.0106182], 0, 1.80306, 1629629277], "v": "v0.6"}
{"i": [["[\"gemm\"]", "llvm -keys=cpu -link-params=0 -mcpu=skylake-avx512", [32, 64, 64, 0, 0, 0, 0, 0], "", 1, []], [[], [["SP", 2, 0, 2048, [2, 16, 1], 1], ["SP", 2, 4, 24, [2, 3, 1], 1], ["SP", 2, 8, 2048, [8], 1], ["RE", 2, [0, 4, 1, 5, 8, 2, 6, 9, 3, 7]], ["FU", 2, [0, 1, 2, 3]], ["AN", 2, 0, 3], ["PR", 2, 0, "auto_unroll_max_step$16"], ["AN", 2, 6, 2]]]], "r": [[0.0011362], 0, 1.54034, 1629629640], "v": "v0.6"}
{"i": [["[\"gemm\"]", "llvm -keys=cpu -link-params=0 -mcpu=skylake-avx512", [32, 64, 64, 0, 0, 0, 0, 0], "", 1, []], [[], [["CHW", 2, "local"], ["SP", 2, 0, 2048, [128, 8, 2], 1], ["SP", 2, 4, 24, [1, 1, 24], 1], ["SP", 2, 8, 2048, [1], 1], ["RE", 2, [0, 4, 1, 5, 8, 2, 6, 9, 3, 7]], ["FSP", 3, 0, 1, 2], ["FSP", 3, 3, 2, 2], ["RE", 3, [0, 3, 1, 4, 2, 5]], ["CA", 2, 3, 3], ["FU", 3, [0, 1, 2, 3]], ["AN", 3, 0, 3], ["PR", 2, 0, "auto_unroll_max_step$512"], ["AN", 2, 9, 2], ["AN", 3, 2, 2]]]], "r": [[0.00293744], 0, 1.04925, 1629629640], "v": "v0.6"}
{"i": [["[\"gemm\"]", "llvm -keys=cpu -link-params=0 -mcpu=skylake-avx512", [32, 64, 64, 0, 0, 0, 0, 0], "", 1, []], [[], [["CHW", 2, "local"], ["SP", 2, 0, 2048, [1, 32, 4], 1], ["SP", 2, 4, 24, [1, 2, 1], 1], ["SP", 2, 8, 2048, [32], 1], ["RE", 2, [0, 4, 1, 5, 8, 2, 6, 9, 3, 7]], ["FSP", 3, 0, 1, 1], ["FSP", 3, 2, 2, 1], ["RE", 3, [0, 2, 1, 3]], ["CA", 2, 3, 1], ["FU", 3, [0, 1]], ["AN", 3, 0, 3], ["PR", 2, 0, "auto_unroll_max_step$64"], ["AN", 2, 9, 2], ["AN", 3, 2, 2]]]], "r": [[0.00142483], 0, 1.25279, 1629629642], "v": "v0.6"}
{"i": [["[\"gemm\"]", "llvm -keys=cpu -link-params=0 -mcpu=skylake-avx512", [32, 64, 64, 0, 0, 0, 0, 0], "", 1, []], [[], [["CHW", 2, "local"], ["SP", 2, 0, 2048, [4, 1, 64], 1], ["SP", 2, 4, 24, [1, 2, 3], 1], ["SP", 2, 8, 2048, [1], 1], ["RE", 2, [0, 4, 1, 5, 8, 2, 6, 9, 3, 7]], ["FSP", 3, 0, 1, 2], ["FSP", 3, 3, 2, 2], ["RE", 3, [0, 3, 1, 4, 2, 5]], ["CA", 2, 3, 3], ["FU", 3, [0, 1, 2, 3]], ["AN", 3, 0, 3], ["PR", 2, 0, "auto_unroll_max_step$64"], ["AN", 2, 9, 2], ["AN", 3, 2, 2]]]], "r": [[0.00173724], 0, 1.13537, 1629629642], "v": "v0.6"}
{"i": [["[\"gemm\"]", "llvm -keys=cpu -link-params=0 -mcpu=skylake-avx512", [32, 64, 64, 0, 0, 0, 0, 0], "", 1, []], [[], [["SP", 2, 0, 2048, [1024, 1, 1], 1], ["SP", 2, 4, 24, [1, 1, 12], 1], ["SP", 2, 8, 2048, [32], 1], ["RE", 2, [0, 4, 1, 5, 8, 2, 6, 9, 3, 7]], ["FU", 2, [0, 1, 2]], ["AN", 2, 0, 3], ["PR", 2, 0, "auto_unroll_max_step$16"], ["AN", 2, 7, 2]]]], "r": [[0.000512197], 0, 1.2315, 1629629644], "v": "v0.6"}
{"i": [["[\"gemm\"]", "llvm -keys=cpu -link-params=0 -mcpu=skylake-avx512", [32, 64, 64, 0, 0, 0, 0, 0], "", 1, []], [[], [["SP", 2, 0, 2048, [8, 4, 8], 1], ["SP", 2, 4, 24, [1, 2, 6], 1], ["SP", 2, 8, 2048, [4], 1], ["RE", 2, [0, 4, 1, 5, 8, 2, 6, 9, 3, 7]], ["FU", 2, [0, 1, 2, 3]], ["AN", 2, 0, 3], ["PR", 2, 0, "auto_unroll_max_step$0"], ["AN", 2, 6, 2]]]], "r": [[0.00490184], 0, 1.14718, 1629629644], "v": "v0.6"}
{"i": [["[\"gemm\"]", "llvm -keys=cpu -link-params=0 -mcpu=skylake-avx512", [32, 64, 64, 0, 0, 0, 0, 0], "", 1, []], [[], [["SP", 2, 0, 2048, [128, 8, 2], 1], ["SP", 2, 4, 24, [4, 6, 1], 1], ["SP", 2, 8, 2048, [64], 1], ["RE", 2, [0, 4, 1, 5, 8, 2, 6, 9, 3, 7]], ["FU", 2, [0, 1, 2, 3]], ["AN", 2, 0, 3], ["PR", 2, 0, "auto_unroll_max_step$512"], ["AN", 2, 6, 2]]]], "r": [[0.00218082], 0, 1.34793, 1629629645], "v": "v0.6"}
{"i": [["[\"gemm\"]", "llvm -keys=cpu -link-params=0 -mcpu=skylake-avx512", [32, 64, 64, 0, 0, 0, 0, 0], "", 1, []], [[], [["CHW", 2, "local"], ["SP", 2, 0, 2048, [128, 2, 8], 1], ["SP", 2, 4, 24, [1, 4, 6], 1], ["SP", 2, 8, 2048, [8], 1], ["RE", 2, [0, 4, 1, 5, 8, 2, 6, 9, 3, 7]], ["FSP", 3, 0, 1, 2], ["FSP", 3, 3, 2, 2], ["RE", 3, [0, 3, 1, 4, 2, 5]], ["CA", 2, 3, 3], ["FU", 3, [0]], ["AN", 3, 0, 3], ["PR", 2, 0, "auto_unroll_max_step$512"], ["AN", 2, 9, 2]]]], "r": [[0.0139579], 0, 4.21595, 1629629646], "v": "v0.6"}
{"i": [["[\"gemm\"]", "llvm -keys=cpu -link-params=0 -mcpu=skylake-avx512", [32, 64, 64, 0, 0, 0, 0, 0], "", 1, []], [[], [["CHW", 2, "local"], ["SP", 2, 0, 2048, [2, 32, 16], 1], ["SP", 2, 4, 24, [1, 6, 1], 1], ["SP", 2, 8, 2048, [2], 1], ["RE", 2, [0, 4, 1, 5, 8, 2, 6, 9, 3, 7]], ["FSP", 3, 0, 1, 1], ["FSP", 3, 2, 2, 1], ["RE", 3, [0, 2, 1, 3]], ["CA", 2, 3, 1], ["FU", 3, [0, 1]], ["AN", 3, 0, 3], ["PR", 2, 0, "auto_unroll_max_step$512"], ["AN", 2, 9, 2], ["AN", 3, 2, 2]]]], "r": [[0.0115476], 0, 1.37495, 1629629646], "v": "v0.6"}
{"i": [["[\"gemm\"]", "llvm -keys=cpu -link-params=0 -mcpu=skylake-avx512", [32, 64, 64, 0, 0, 0, 0, 0], "", 1, []], [[], [["CHW", 2, "local"], ["SP", 2, 0, 2048, [1, 256, 1], 1], ["SP", 2, 4, 24, [4, 1, 3], 1], ["SP", 2, 8, 2048, [8], 1], ["RE", 2, [0, 4, 1, 5, 8, 2, 6, 9, 3, 7]], ["FSP", 3, 0, 1, 2], ["FSP", 3, 3, 2, 2], ["RE", 3, [0, 3, 1, 4, 2, 5]], ["CA", 2, 3, 3], ["FU", 3, [0, 1, 2, 3]], ["AN", 3, 0, 3], ["PR", 2, 0, "auto_unroll_max_step$0"], ["AN", 2, 9, 2], ["AN", 3, 2, 2]]]], "r": [[0.00120133], 0, 0.936011, 1629629647], "v": "v0.6"}
